Nike Air Max Dn,The Nike Air Max Dn combines high-performance running technology with a stylish design offering the best of both worlds for athletes and fashion enthusiasts alike. Engineered for optimal comfort and support this cutting-edge running shoe boasts a sleek silhouette and innovative features that elevate your running experience to new heights.,99.99,13.7,8,"https://static.nike.com/a/images/t_PDP_1728_v1/f_auto,q_auto:eco/2d234d2c-fb68-42df-8b4d-ce7e9b9dab02/air-max-dn-shoes-q51Wwn.png",true,1
Nike Air Max 97,The Nike Air Max 97 is a timeless classic that fuses retro style with modern performance. With its sleek silhouette and iconic full-length Air unit this shoe delivers exceptional cushioning and comfort with every step. Its lightweight construction and breathable upper make it perfect for all-day wear while its distinctive design adds a touch of urban flair to any outfit. Step out in style and experience the legendary comfort of the Air Max 97.,120.00,12,9,"https://static.nike.com/a/images/t_PDP_1728_v1/f_auto,q_auto:eco/ue8xtawkyqcfaunnufcy/air-max-97-older-shoes-0nTgVwE9.png",false,1
Nike Air Max Pulse Roam,The Nike Air Max Pulse Roam is a versatile and stylish sneaker designed for the modern explorer. With its rugged yet sleek design this shoe is built to withstand the demands of urban adventures and outdoor escapades. Featuring Nike's signature Air Max cushioning technology the Pulse Roam delivers superior comfort and support making it ideal for all-day wear.,90.00,10,8,"https://static.nike.com/a/images/t_PDP_1728_v1/f_auto,q_auto:eco/bf1f138b-3e53-44fb-9c67-1748df1630d4/air-max-pulse-roam-shoes-mSNwcc.png",true,1
Nike Dunk Low Retro,The Nike Dunk Low Retro is an iconic sneaker that pays homage to the brand's rich heritage in basketball culture. With its classic low-top silhouette and retro design elements this shoe exudes vintage charm and timeless style.,80,7,12,"https://static.nike.com/a/images/t_PDP_1728_v1/f_auto,q_auto:eco/d01ef37b-c14a-4edd-8787-534f5732294c/dunk-low-retro-shoe-mhrtZC.png",false,1 
Nike Air Max Plus,The Nike Air Max Plus is a bold and dynamic sneaker that merges futuristic design with unparalleled comfort. Known for its distinctive Tuned Air cushioning technology this shoe provides responsive support and a plush feel with every step. Its unique gradient upper and iconic TPU overlays give it a striking visual appeal,90,13,10,"https://static.nike.com/a/images/t_PDP_1728_v1/f_auto,q_auto:eco/zvggo9fhlalzrv9hc7j1/air-max-plus-older-shoes-VWK3gG.png",false,1
Nike Air Zoom Pegasus 40,The Nike Air Zoom Pegasus 40 is the latest iteration of Nike's legendary running shoe designed to provide runners with responsive cushioning and a smooth ride. With its lightweight construction and breathable upper the Pegasus 40 offers exceptional comfort and support for long-distance runs or everyday training sessions.,60.00,15,5,"https://static.nike.com/a/images/t_PDP_1728_v1/f_auto,q_auto:eco/f73d8888-7d7c-44e7-aa3d-c51414a9b8a2/air-zoom-pegasus-40-older-road-running-shoes-G8QsFc.png",true,1
Nike Invincible 3,The Nike Invincible 3 is a revolutionary running shoe designed to provide maximum cushioning and energy return for an ultra-smooth ride. Engineered with Nike's innovative React foam technology this shoe delivers exceptional softness and responsiveness absorbing impact and delivering powerful propulsion with every step.,120.00,5,25,"https://static.nike.com/a/images/t_PDP_1728_v1/f_auto,q_auto:eco/8745e412-5988-433d-a12a-9bf59e0a4fa4/invincible-3-road-running-shoes-0r1MPB.png",true,1
Nike Revolution, The Nike Revolution is a versatile and affordable running shoe designed for beginners and casual runners. With its lightweight construction and comfortable cushioning the Revolution offers a smooth and responsive ride for everyday training sessions.,50.00,10,30,"https://static.nike.com/a/images/t_PDP_1728_v1/f_auto,q_auto:eco/26d05b2f-e8d3-47f3-89d4-5055f1f9d179/revolution-7-road-running-shoes-QNsPQ6.png",true,1 
Nike Vaporfly 3 Premium,The Nike Vaporfly 3 Premium is the pinnacle of performance running footwear engineered to help elite athletes achieve their fastest times on race day. Building upon the groundbreaking technology of its predecessors the Vaporfly 3 Premium features Nike's cutting-edge ZoomX foam in the midsole providing unparalleled energy return and cushioning.,140.00,7,14,"https://static.nike.com/a/images/t_PDP_1728_v1/f_auto,q_auto:eco/a3973ff2-3669-47c5-9ee4-849ca4afd403/vaporfly-3-road-racing-shoes-JswDQX.png",false,1
Nike Pegasus 40,The Nike Pegasus 40 is the latest evolution of Nike's iconic running shoe series known for its versatile performance and comfortable ride. Engineered with a combination of React foam and Zoom Air cushioning the Pegasus 40 offers a responsive and cushioned feel with every step perfect for daily training runs or long-distance races.,100.00,13,12,"https://static.nike.com/a/images/t_PDP_1728_v1/f_auto,q_auto:eco/f5d6915a-dc6f-43ed-9d1f-949ac0b84137/pegasus-40-road-running-shoes-3m8MgH.png",true,1 
Air Jordan 1 Low SE,The Air Jordan 1 Low SE combines iconic design with modern flair offering a fresh take on a timeless classic. With its low-cut silhouette and premium materials this sneaker exudes sophistication and versatility making it a must-have for sneaker enthusiasts and fashion aficionados alike.,120.00,13,15,"https://static.nike.com/a/images/t_PDP_1728_v1/f_auto,q_auto:eco,u_126ab356-44d8-4a06-89b4-fcdcc8df0245,c_scale,fl_relative,w_1.0,h_1.0,fl_layer_apply/31833ea1-eba0-4a38-8e10-cc9e8ab4ce15/air-jordan-1-low-se-shoes-lPZC9M.png",true,2
Air Jordan 5 Retro SE,The Air Jordan 5 Retro SE reimagines a classic silhouette with contemporary updates offering a blend of heritage and innovation for sneaker enthusiasts. Inspired by the original Air Jordan 5 designthis special edition model incorporates modern materials and design elements to create a fresh and distinctive look.,90.00,10,10,"https://static.nike.com/a/images/t_PDP_1728_v1/f_auto,q_auto:eco,u_126ab356-44d8-4a06-89b4-fcdcc8df0245,c_scale,fl_relative,w_1.0,h_1.0,fl_layer_apply/3bdd84ed-7987-4515-a757-1d342ad2d6c2/air-jordan-5-retro-se-shoes-lfNdvf.png",false,2
Air Jordan 1 Brooklyn,The Air Jordan 1 Brooklyn pays homage to the rich basketball culture and iconic street style of Brooklyn New York. With its sleek silhouette and bold colorway this shoe captures the essence of the vibrant borough known for its grit creativity and diversity.,110.00,10,10,"https://static.nike.com/a/images/t_PDP_1728_v1/f_auto,q_auto:eco,u_126ab356-44d8-4a06-89b4-fcdcc8df0245,c_scale,fl_relative,w_1.0,h_1.0,fl_layer_apply/a4a55a4b-b4a3-4638-80b8-68324dd0eaad/air-jordan-1-brooklyn-boot-XRznfq.png",false,2
Nike Dunk Low Retro,The Nike Dunk Low Retro is an iconic sneaker that pays homage to the brands rich heritage in basketball culture. With its classic low-top silhouette and retro design elements this shoe exudes vintage charm and timeless style.,70.00,8,10,"https://static.nike.com/a/images/t_PDP_1728_v1/f_auto,q_auto:eco/d01ef37b-c14a-4edd-8787-534f5732294c/dunk-low-retro-shoe-mhrtZC.png",true,2
Nike Cortez Textile,The Nike Cortez Textile is a modern take on a classic silhouette blending retro style with contemporary materials for a fresh look and feel. Featuring a lightweight textile upper this shoe offers breathability and comfort for all-day wear.,140.00,10,10,"https://static.nike.com/a/images/t_PDP_1728_v1/f_auto,q_auto:eco/34605b94-9a02-41e8-8bad-cf77e964af30/cortez-textile-shoes-49MrRp.png",false,2
Nike Air Force 1 '07,The Nike Air Force 1 07 is a timeless classic that has been a staple in sneaker culture since its introduction in 1982. Renowned for its clean and iconic design this shoe continues to be a favorite among sneaker enthusiasts and fashion aficionados alike.,100.00,10,10,"https://static.nike.com/a/images/t_PDP_1728_v1/f_auto,q_auto:eco/b7d9211c-26e7-431a-ac24-b0540fb3c00f/air-force-1-07-shoes-rWtqPn.png",true,2
Nike Full Force Low,The Nike Full Force Low is a versatile basketball shoe designed for performance and style on the court. With its low-top silhouette and sleek design this shoe offers a blend of modern aesthetics and classic basketball heritage.,90.00,5,5,"https://static.nike.com/a/images/t_PDP_1728_v1/f_auto,q_auto:eco/f4e5cbb8-b787-4c2b-898e-3b233a3faf81/full-force-low-shoes-sQzNjs.png",false,2
Nike Air Force 1 Shadow,The Nike Air Force 1 Shadow puts a playful twist on the iconic Air Force 1 silhouette offering a fresh and modern take on a classic sneaker. With its exaggerated design elements and layered constructionthe Air Force 1 Shadow adds a unique and eye-catching aesthetic to your footwear rotation.,100.00,8,8,"https://static.nike.com/a/images/t_PDP_1728_v1/f_auto,q_auto:eco/00869d4b-2c7e-4b5b-a164-f81c6646e812/air-force-1-shadow-shoes-HcwgM4.png",false,2
Nike Dunk Low,The Nike Dunk Low is a timeless sneaker silhouette that has remained a staple in sneaker culture since its debut in the 1980s. Known for its clean and simple design the Dunk Low has transcended its basketball roots to become a symbol of style and versatility.,100.00,8,8,"https://static.nike.com/a/images/t_PDP_1728_v1/f_auto,q_auto:eco/d2ab4eba-b318-409f-b086-be6d8c329641/dunk-low-shoes-B6FZNV.png",false,2
Nike ACG Air Zoom Gaiadome GORE-TEX,The Nike ACG Air Zoom Gaiadome GORE-TEX is a rugged and weather-ready boot designed to tackle the toughest outdoor conditions with style and performance.,220.00,5,20,"https://static.nike.com/a/images/t_PDP_1728_v1/f_auto,q_auto:eco/636904fe-7344-4366-bd11-583a681cdecd/acg-air-zoom-gaiadome-gore-tex-shoes-zT8TtL.png",true,3
Nike ACG Torre Mid Waterproof,Built with a durable and waterproof leather upper this boot is equipped to withstand wet and rugged terrain keeping your feet dry and comfortable throughout your outdoor adventures. The waterproof construction ensures that water stays out while allowing moisture to escapepreventing your feet from feeling sweaty or clammy.,170.00,10,10,"https://static.nike.com/a/images/t_PDP_1728_v1/f_auto,q_auto:eco/f438dd0f-b324-4a5d-b4ba-08ad915e263e/acg-torre-mid-waterproof-shoes-n8Kt54.png",false,3
Nike ACG Mountain Fly 2 Low,Built with Nike's All Conditions Gear ACG technology this shoe is specifically engineered to withstand the demands of rugged terrain and unpredictable weather conditions. Whether youre hiking trail running or exploring the great outdoors the Mountain Fly 2 Low offers the performance and protection you need to tackle any adventure.,150.00,10,10,"https://static.nike.com/a/images/t_PDP_1728_v1/f_auto,q_auto:eco/9727fe23-d122-4fc2-ba7c-87d53cc76cdc/acg-mountain-fly-2-low-shoes-wdZz8G.png",false,3
Nike ACG Mountain Fly 2 Low GORE-TEX,The Nike ACG Mountain Fly 2 Low GORE-TEX is a rugged outdoor shoe designed for tackling challenging terrain in any weather. Featuring a waterproof GORE-TEX membrane it keeps your feet dry and comfortable on wet trails. With aggressive traction and durable construction it provides stability and protection on rugged terrain. Lightweight and responsive it ensures agility and comfort during outdoor adventures.,160.00,5,5,"https://static.nike.com/a/images/t_PDP_1728_v1/f_auto,q_auto:eco/93dd359a-05ec-4340-9117-fdc5a18b5699/acg-mountain-fly-2-low-gore-tex-shoes-2twKtB.png",true,3
Nike ACG Air Exploraid,The Nike ACG Air Exploraid is an adventurous outdoor shoe built for rugged exploration. With its durable construction and rugged design it offers stability and protection on challenging terrain. The Air cushioning provides responsive comfort with every step while the grippy outsole ensures traction on various surfaces. Whether hiking through trails or navigating urban landscapes the Air Exploraid delivers performance and style for the modern explorer.,140.00,10,10,"https://static.nike.com/a/images/t_PDP_1728_v1/f_auto,q_auto:eco/1ba33f01-5520-4cde-a747-e6e4f8f1abc4/acg-air-exploraid-shoes-dJGmrq.png",false,3
Nike ACG Lowcate,The Nike ACG Lowcate is a versatile outdoor shoe designed for all-terrain exploration. Its rugged yet sleek design offers durability and style making it suitable for urban adventures and wilderness treks alike. With responsive cushioning and a grippy outsole it provides comfort and traction on diverse surfaces ensuring stability and confidence with every step.,120.00,10,10,"https://static.nike.com/a/images/t_PDP_1728_v1/f_auto,q_auto:eco/96492a4d-1308-4155-a485-41c9f26ea926/acg-lowcate-shoes-R9gzz9.png",true,3
Nike ACG Mountain Fly 2 Low GORE-TEX,Fast rugged and just as at home in the city as it is in the deserts canyons and mountains. The Mountain Fly 2s lightweight design is super-durable and helps keep the grind out. The sticky rubber outsole brings crag-inspired traction while soft foam delivers undisputed comfort. Plus GORE-TEX details keep your feet dry and ready for the next adventure.,140.00,8,8,"https://static.nike.com/a/images/t_PDP_1728_v1/f_auto,q_auto:eco/e47b4385-11ff-4274-af6f-351e49670434/acg-mountain-fly-2-low-gore-tex-shoes-2twKtB.png",false,3
Nike ACG Air Exploraid,One of the most popular trail shoes from the 90s is back for round 2. Lace up and head out in comfort and style.,100.00,8,8,"https://static.nike.com/a/images/t_PDP_1728_v1/f_auto,q_auto:eco/76da6eee-8537-4dff-81fa-f61829ab4755/acg-air-exploraid-shoes-dJGmrq.png",false,3
Nike Free Metcon 5,When your workouts wade into the nitty-gritty the Nike Free Metcon 5 can meet you in the depths help you dig deep to find that final ounce of force and come out of the other side on a high. It matches style with substance forefoot flexibility with back-end stability perfect for flying through a cardio day or enhancing your agility. A revamped upper offers easier entry with a collar made just for your ankle.,120.00,10,10,"https://static.nike.com/a/images/t_PDP_1728_v1/f_auto,q_auto:eco/82ea163d-5701-4cbb-b3bf-def25d1d5c8d/free-metcon-5-workout-shoes-0nJCzq.png",true,4
Nike Legend Essential 3 Next Nature,Meet the trainer versatile enough to withstand the rigours of a fast-paced group class or a heavy day in the weight room. Equipped with a flat heel high-abrasion materials and a flexible sole it provides comfort and support that's ready to hit the gym. See the specks on the outsole? That means it's constructed with at least 8% Nike Grind materialmade from scraps from the footwear-manufacturing process.,70.00,10,10,"https://static.nike.com/a/images/t_PDP_1728_v1/f_auto,q_auto:eco/4a341e32-cbbb-45e6-adf5-26cc792a04c3/legend-essential-3-next-nature-workout-shoes-9jT6tl.png",false,4
Nike Air Max Alpha Trainer 5,Finish your last rep with power and rack it with a roar that stuns the gym floor in the Nike Air Max Alpha Trainer 5. The Max Air cushioning offers comfortable stability for lifting whether it's a light or heavy day. A wide flat base gives you enhanced stability and grip for all kinds of tough workouts without sacrificing style as you roam from station to station and set to set.,90.00,10,10,"https://static.nike.com/a/images/t_PDP_1728_v1/f_auto,q_auto:eco/c95a8a1b-8e71-487d-9407-a9b181fc7caa/air-max-alpha-trainer-5-workout-shoes-mgZ1Lq.png",true,4
Nike Air Zoom TR 1,Gains aren't given they're earned. Go get what's yours. We spring-loaded this do-it-all trainer with responsiveness for surges of off-the-rack energy. It can withstand the rigours of high-intensity exertion while sticking with you as you wind your way through the everyday paces.,110.00,8,8,"https://static.nike.com/a/images/t_PDP_1728_v1/f_auto,q_auto:eco/078906e5-9d8f-44cd-ab0d-4e5f3234757a/air-zoom-tr-1-workout-shoes-cjLdcP.png",false,4
Nike Metcon 9 EasyOn,Whatever your why is for working out the Metcon 9 makes it all worth it. We improved on the 8 with a larger Hyperlift plate and added rubber rope wrap. Sworn by some of the greatest athletes in the world intended for lifters cross-trainers and go-getters and still the gold standard that delivers day after day. This version has Nike EasyOn technology—the flexible heel collapses when you step in then snaps back into place—to help make them easy to put on and take off.,90.00,5,5,"https://static.nike.com/a/images/t_PDP_1728_v1/f_auto,q_auto:eco/79c21101-c296-421f-aee1-b9a15c51fdfc/metcon-9-easyon-workout-shoes-MNJwV2.png",false,4
Nike Romaleos 4,Designed for strength and stability the Nike Romaleos 4 features a supportive midsole and a wide flat outsole. Adjustable straps at the midfoot secure your foot during your most intense workouts.,80.00,9,9,"https://static.nike.com/a/images/t_PDP_1728_v1/f_auto,q_auto:eco/i1-9fe1a65e-c459-4f81-a4f0-8b1b1a188004/romaleos-4-weightlifting-shoes-f1nCw3.png",true,4
Nike Flex Experience Run 12,Stay steady and keep progressing towards your running goals in the Flex Experience 12. Minimal with full range of motion from heel to toe its made to move with every stride pace and kick when you find your groove.,100.00,10,10,"https://static.nike.com/a/images/t_PDP_1728_v1/f_auto,q_auto:eco/fa61c328-3c2e-4f15-b3d4-38f8910ca56e/flex-experience-run-12-road-running-shoes-zSPPBX.png",true,4
Nike Metcon 9 By You,Ensure all your hard work shines in and out of the gym in the Nike Metcon 9 By You. Chrome out your design in certain areas like the heel clips and Swoosh logos then make your way to the rope wrap where graphic options and translucent colours await. Choose from a spectrum of colours to make your upper as unique as your mind's eye and the gains you plan to make in your workouts.,110.00,8,8,"https://static.nike.com/a/images/t_PDP_864_v1/f_auto,b_rgb:f5f5f5/71381876-be9f-4538-884a-d6da85f2330e/custom-nike-metcon-9-by-you.png",false,4
Nike Metcon 9 AMP,Whatever your why is for working out the Metcon 9 makes it all worth it. We improved on the 8 with a larger Hyperlift plate and added rubber rope wrap. Sworn by some of the greatest athletes in the world intended for lifters cross-trainers and go-getters and still the gold standard that delivers day after day.,80.00,10,10,"https://static.nike.com/a/images/t_PDP_1728_v1/f_auto,q_auto:eco/cdf97425-ae6d-4da5-8603-48b07fa002f0/metcon-9-amp-workout-shoes-4dxhFV.png",false,4
Nike Defy All Day,Take on everyday challenges in the Nike Defy All Day. Leather up top and rubber traction on the bottom create a durable design that lasts the rigours of tough training sessions. Soft cushioning carries comfort through your workout—or a day of getting things done.,60.00,8,10,"https://static.nike.com/a/images/t_PDP_1728_v1/f_auto,q_auto:eco/5144a70b-503c-46e8-b74a-5d0f16ac379b/defy-all-day-training-shoe-JL753w.png",false,4
Nike Air Monarch IV,Nike Air Monarch IV sets you up for working out with durable leather on top for support. Lightweight foam teams up with Nike Air cushioning for comfort in every stride.,50.00,15,15,"https://static.nike.com/a/images/t_PDP_1728_v1/f_auto,q_auto:eco/f9a8deaa-87f2-4191-92b8-c7661aae48de/air-monarch-iv-workout-shoes-VrTWXJJn.png",false,4
Schuh ren suede loafer shoes in tan,The Ren Suede Loafer shoes are here to complete all your occasional fits. A premium suede upper makes the perfect pair for any occasion from weddings to graduations. Tassel detailing on the forefoot provides that classic loafer look.,70.00,10,10,"https://d2ob0iztsaxy5v.cloudfront.net/product/370086/3700866250_zm.jpg",true,5
Schuh radcliff espadrille loafer shoes in taupe,The Radcliff Espadrille Loafer arrives from schuh! Featuring a soft suede upper sitting atop a rope midsole and durable rubber outsole. This casual slip-on loafer boasts a versatile taupe colourway perfect for dressing up or down this summer.,55.00,10,10,"https://d2ob0iztsaxy5v.cloudfront.net/product/313799/3137999750_zm.jpg",false,5
Base London,The Base London Drake Waxy Derby shoe brings a timeless and sophisticated aesthetic to your collection. This formal black shoe features a smooth premium leather upper and ortholite insoles for ultimate comfort. Perfect for work wear or occasion wear!,65.00,10,10,"https://d2ob0iztsaxy5v.cloudfront.net/product/370173/3701737020_zm.jpg",false,5
H BY HUDSON,Spice up your casual footwear rotation with the H by Hudson Cato Loafers! These slip ons land in a brown leather material and hold the classic silhouette of a loafer shoe! Ideal for any occasion whether it's in the office or a night on the town!,40.00,10,10,"https://d2ob0iztsaxy5v.cloudfront.net/product/310312/3103126020_zm.jpg",true,5
Schuh rade formal toe cap shoes in black,The black Rade Formal Toe Cap shoe arrives! Designed with a smooth leather upper with classic stitched detailing for a timeless look. This formal fit is complete with a lace-up closure for a secure fit. The perfect pair to elevate your formal attire.,35,10,10,"https://d2ob0iztsaxy5v.cloudfront.net/product/370082/3700827020_zm.jpg",false,5
Dr Martens adrian loafer shoes in black,The black Adrian loafer arrives from Dr. Martens. Shape up your formal attire with this timeless slip-on design. Featuring a premium suede upper with tassel detailing sitting atop a classic DM's PVC sole. Complete with heritage yellow welt stitching!,40,10,10,"https://d2ob0iztsaxy5v.cloudfront.net/product/313256/3132567050_zm.jpg",false,5
Schuh rhett tassel loafer shoes in navy,The Rhett Suede Tassel Loafer has landed in a brand new colourway! This on-trend loader arrives in a navy blue suede upper with tassel detailing front and centre and finished with a grippy rubber outsole. This is the smart-casual shoe you need! We love!,30.00,5,5,"https://d2ob0iztsaxy5v.cloudfront.net/product/370023/3700235850_zm.jpg",false,5
Schuh rowen leather brogue shoes in tan,Sleek and classic - this seasons must-have fit. The schuh Rowen Brogue lands in a tan premium leather upper with stitched panels and slight heel. Office style just upgraded.,40.00,10,10,"https://d2ob0iztsaxy5v.cloudfront.net/product/370002/3700026220_zm.jpg",false,5
IQUSHION D-LUXE ,Padded Metallic-Leather Toe-Posts,15.00,5,5,"https://i8.amplience.net/i/fitflop/IQUSHION-D-LUXE-PADDED-METALLIC-LEATHER-FLIP-FLOPS-SILVER_HT4-011.webp?v=1&w=768&$pdp-img-gallery-zoom$",true,6
GRACIE,Leather Flip-Flops,30.00,5,5,"https://i8.amplience.net/i/fitflop/GRACIE-LEATHER-FLIP-FLOPS-WILD-LILAC_EO8-B26_1.webp?v=1&w=768&$pdp-img-gallery$",false,6
IQUSHION,Iridescent Adjustable Buckle Toe-Posts,40.00,10,10,"https://i8.amplience.net/i/fitflop/IQUSHION-IRIDESCENT-ADJUSTABLE-BUCKLE-FLIP-FLOPS-URBAN-WHITE-IRIDESCENT_HM2-B15_1.webp?v=1&w=768&$pdp-img-gallery$",false,6
IQUSHION CHARMS,Crystal Pineapple Charms 2-Pack,20.00,10,10,"https://i8.amplience.net/i/fitflop/IQUSHION-CHARMS-SET-PACKAGE-ELECTRIC-YELLOW_GH4-A26_1.webp?v=1&w=768&$pdp-img-gallery$",false,6
IQUSHION2,Ombré Transparent Ergonomic Toe-Posts,30.00,10,10,"https://i8.amplience.net/i/fitflop/IQUSHION-OMBRE-TRANSPARENT-ERGONOMIC-FLIP-FLOPS-MINT-BLUE_IJ6-B69_1.webp?v=1&w=768&$pdp-img-gallery$",false,6
IQUSHION,Ombré Transparent Ergonomic Toe-Posts,20.00,5,5,"https://i8.amplience.net/i/fitflop/IQUSHION-OMBRE-TRANSPARENT-ERGONOMIC-FLIP-FLOPS-WILD-RASPBERRY_IJ6-B58_1.webp?v=1&w=768&$pdp-img-gallery$",false,6
GRACIE,Jewel-Deluxe Leather Toe-Posts,60.00,10,10,"https://i8.amplience.net/i/fitflop/GRACIE-JEWEL-DELUXE-LEATHER-FLIP-FLOPS-SUNNY-LIME_HS3-B14_1.webp?v=1&w=768&$pdp-img-gallery$",false,6
IQUSHION,Mens Ergonomic Toe-Posts,50.00,5,5,"https://i8.amplience.net/i/fitflop/IQUSHION-ERGONOMIC-FLIP-FLOPS-TIMBERWOLF-DEEP-OLIVE_J80-B80_2.webp?v=1&w=768&$pdp-img-gallery$",false,6